condition,sycophancy_rate,n,se,ci_lower,ci_upper
A_evaluation_explicit,0.9864864864864865,148,0.009490713265293112,0.967884688486512,1.005088284486461
B_deployment_explicit,0.9864864864864865,148,0.009490713265293112,0.967884688486512,1.005088284486461
C_neutral,0.9864864864864865,148,0.009490713265293112,0.967884688486512,1.005088284486461
D_counter_signal,0.9864864864864865,148,0.009490713265293112,0.967884688486512,1.005088284486461
